STATE,1990,1991,1992,1993,1994,1995,1996,1997,1998,1999,2000,2001,2002,2003,2004,2005,2006,2007,2008,2009,2010,2011,2012,2013,2014,2015,2016,2017,2018,2019,2020,2021,2022,CATEGORY
Andaman and Nicobar Islands,2580,2302,2884,15192,16191,15354,15896,16350,14502,15293,24005,23658,23869,25487,27229,40921,41645,47522,50629,56304,61411,64712,89100,92644,98735,106711,114660,129532,145562,154233,161564,NA,NA,PER CAPITA NSDP
Andhra Pradesh,2060,2134,2039,7416,7711,8071,8514,8191,9144,9445,15427,16574,17213,17340,18819,25959,27179,29797,33217,33733,35677,37708,69000,68865,72254,79174,88609,94115,103177,108853,115344,114324,126587,PER CAPITA NSDP
Arunachal Pradesh,2709,3013,3015,8733,8342,9352,8590,8634,8712,8890,13990,14726,16793,15832,17340,26721,26870,27675,30287,32028,33893,34548,73540,73960,79004,91034,88768,91319,94008,99580,113110,108706,NA,PER CAPITA NSDP
Assam,1544,1575,1557,5715,5737,5760,5793,5796,5664,5785,12282,12447,12529,13072,13675,16782,17050,17579,18089,18922,20406,21146,41142,41609,43002,44809,50642,53575,57835,59943,61519,57227,NA,PER CAPITA NSDP
Bihar,1197,1105,1017,3037,3306,2728,3338,3100,3210,3282,5786,6554,5994,6658,6117,7914,7588,8759,9070,10297,10635,12090,21750,22201,22776,23223,24064,25455,26719,29092,29794,28127,30779,PER CAPITA NSDP
Chandigarh,NA,NA,NA,19761,21021,22524,24855,25470,26718,27494,44502,48292,50476,55991,59406,74173,78167,85372,86923,88298,87751,83319,158967,169336,180615,182867,195205,208231,218201,227231,234350,203180,NA,PER CAPITA NSDP
Chhattisgarh,NA,NA,NA,6539,6445,6474,6654,6810,6873,6692,11629,10808,12202,11716,13661,18559,18530,21580,22929,23926,24189,25991,55177,56777,61409,61122,61433,67139,68374,72537,75278,72236,NA,PER CAPITA NSDP
Delhi,5447,6046,6042,18166,19575,19162,20983,23482,23762,24003,38913,38975,39026,40929,41930,63877,69128,76243,83243,91845,97525,103619,185001,192220,200702,213669,233115,244255,252960,257596.904,260541,243110,263477,PER CAPITA NSDP
Goa,4883,4786,5381,16558,16977,17929,20686,20595,25364,25371,42296,38989,39339,40602,42206,76968,80844,86257,87085,90409,95320,110306,259444,220019,188358,241081,278601,305875,308296,308753,313973,298527,NA,PER CAPITA NSDP
Gujarat,2641,2381,3091,9796,11535,11649,13206,13018,13735,13298,18864,17227,18200,19509,22387,32021,36102,38568,42498,43685,49168,53813,87481,96683,102589,111370,120683,129738,143604,154887,164060,160321,NA,PER CAPITA NSDP
Haryana,3509,3499,3421,11079,11598,11545,12591,12389,12728,13308,23222,24423,25638,26748,28805,37972,40627,44423,47046,49780,55044,57797,106085,111780,119791,125032,137833,150259,156200,166747,177507,165617,179367,PER CAPITA NSDP
Himachal Pradesh,2241,2213,2267,7870,8489,8801,9140,9625,10131,11051,20806,21824,22543,23234,24377,33348,35806,38195,40143,41666,43492,46682,87721,92672,98816,105241,112723,122208,129303,136288,140048,133079,141830,PER CAPITA NSDP
Jammu and Kashmir,1784,1779,1816,6543,6619,6732,6978,7128,7296,7384,13816,13859,13784,14341,14848,21734,22406,23375,24470,25641,26518,27666,51775,52821,54794,51649,61388,62395,65621,69183,68455,65172,72287,PER CAPITA NSDP
Jharkhand,NA,NA,NA,5897,6050,6105,5647,7259,7754,7238,11549,9980,10451,10563,11173,18510,17406,17427,20996,19867,21534,24330,41254,44176,43779,48781,44524,48826,52277,56133,55658,51365,55126,PER CAPITA NSDP
Karnataka,2039,2262,2278,7838,8097,8368,8990,9416,10549,10912,17502,17352,17402,18115,18236,26882,29295,31967,35574,37687,37294,40699,90263,95444,102947,105697,116813,131186,140745,148645,155869,154123,168050,PER CAPITA NSDP
Kerala,1815,1826,1932,7983,8598,8868,9145,9265,9819,10430,19461,19809,20659,21944,23159,32351,35492,38113,41315,43644,47360,50146,97912,103551,107846,112444,120387,129251,137181,147347,149674,134878,143816,PER CAPITA NSDP
Madhya Pradesh,1696,1538,1618,6584,6550,6790,7089,7301,7621,8248,12384,11150,11715,10880,11870,15442,15927,17073,17572,19462,20959,21706,38497,41142,42548,44027,47351,52782,54824,59000,61298,58334,63345,PER CAPITA NSDP
Maharashtra,3483,3399,3837,12183,12158,13221,13464,13925,14199,15257,23011,21892,22258,23447,24859,36077,40671,45582,50138,50183,54246,59587,99597,104008,109597,115058,122889,133686,137808,142063,145165,133356,NA,PER CAPITA NSDP
Manipur,1739,1841,1886,5846,5558,5616,6022,6434,6401,7097,13260,12157,12641,12319,13389,18547,19341,19250,19868,20861,21810,20711,39762,38954,41441,44101,46389,47151,51211,48106,51625,51876,NA,PER CAPITA NSDP
Meghalaya,1733,1764,1617,6893,6940,7535,7602,7881,8507,8996,14355,14910,15518,15882,16658,23079,24278,25471,25633,28223,29306,31418,60013,59703,58681,55880,56039,57752,58493,60132,61755,56679,60606,PER CAPITA NSDP
Mizoram,NA,NA,NA,NA,NA,NA,NA,NA,NA,NA,16443,16635,17245,18429,18555,24662,25826,26308,28467,31921,34699,40072,57654,60261,67594,85056,91845,99089,117272,119022,108933,97408,NA,PER CAPITA NSDP
Nagaland,1976,2006,2239,9129,9410,9646,9880,10287,9118,8726,14107,15699,16637,17409,17319,30441,33072,35074,37317,39041,40590,43992,53010,55482,58619,60372,60663,64259,66813,70218,73361,69663,NA,PER CAPITA NSDP
Odisha,1383,1530,1476,4896,5054,5204,4773,5382,5471,5742,10622,10208,10697,10500,11900,17650,18194,20194,21640,22963,22846,23968,48387,50769,54209,54361,57806,66416,71032,75421,76564,71622,79607,PER CAPITA NSDP
Puducherry,3183,2883,2434,9781,9661,9889,13512,17402,19279,19374,30486,34190,35831,38648,39633,48302,60046,61142,64749,69374,80363,84142,119649,119196,129127,117102,121000,126531,134934,153988,154517,147483,150454,PER CAPITA NSDP
Punjab,3730,3825,3931,12710,12784,13008,13705,13812,14334,14809,25631,25986,25992,25955,27075,33103,34096,37087,39567,41003,42831,44769,85577,88915,93238,95807,100141,105848,110857,115592,118487,112119,118341,PER CAPITA NSDP
Rajasthan,1942,1755,1975,6182,7134,7216,7862,8601,8754,8555,13619,12840,13933,12054,15579,18565,19445,21342,21922,23356,24304,27502,57192,58441,61053,64496,68565,71324,73529,73929,76882,74009,81231,PER CAPITA NSDP
Sikkim,3369,3492,NA,8402,8277,8822,9146,9539,9914,9874,14890,15305,15953,17065,18159,26690,29008,30293,31722,35394,60774,66136,158667,160553,168897,180675,195066,207355,232483,240743,248691,239928,256507,PER CAPITA NSDP
Tamil Nadu,2237,2270,2363,8955,9932,10147,10451,11260,11592,12167,19432,20319,19748,19662,20707,30062,34126,39166,41314,43193,47394,53507,93112,97257,102191,107117,115875,123206,133029,141844,144845,143528,154427,PER CAPITA NSDP
Telangana,NA,NA,NA,NA,NA,NA,NA,NA,NA,NA,NA,NA,NA,NA,NA,24409,27921,30562,33271,37436,37183,43354,91121,92732,96039,101424,112267,121512,131503,146777,153360,143023,158561,PER CAPITA NSDP
Tripura,1642,1643,1666,5534,5364,5707,6239,6828,7396,7968,14119,14933,16947,17752,18554,24394,25688,27558,29022,31711,34544,36718,47155,50501,54645,63992,61612,69860,75020,82313,83985,80512,86539,PER CAPITA NSDP
Uttar Pradesh,1652,1627,1615,5066,5209,5256,5706,5518,5432,5675,9749,9721,9672,9806,10120,12950,13445,14241,14875,15713,16390,17388,32002,32908,34044,34583,36973,40847,41771,42333,43053,39371,40432,PER CAPITA NSDP
Uttarakhand,NA,NA,NA,6896,7369,7163,7476,7429,7385,7256,13516,14932,15364,16530,17542,24726,27781,30644,35444,38621,44557,48525,100314,106359,112900,118979,127249,138784,148011,150179,148303,138191,146047,PER CAPITA NSDP
West Bengal,2145,2267,2295,6756,7094,7492,7880,8408,8814,9320,15888,16244,17225,17568,18374,22649,23808,25400,27094,27914,29799,31314,51543,53157,53811,54520,57255,60618,64007,68212,71719,72202,NA,PER CAPITA NSDP
Andaman and Nicobar Islands,8573,8094,10215,50869,56071,55729,59629,64223,59815,64791,93857,93685,96450,105530,116645,181264,190699,225075,247869,283388,320792,345963,397843,415648,448839,474163,509208,575196,646445,686699,726574,NA,NA,GSDP
Andhra Pradesh,1316362,1357514,1359390,5786664,6111377,6472871,6880990,6786579,7611624,7960474,12879712,13931198,14518528,14914248,16308519,13476688,14197662,15738632,17802768,18182940,19499396,20827348,37940203,38062901,40711475,44456428,49860626,54021177,59473653,62661420,66978337,67032150,74691274,GSDP
Arunachal Pradesh,25078,28475,29262,89311,88488,101100,96126,99095,102173,106319,161177,172586,199661,191125,212033,348751,358423,377212,422680,459583,502948,522041,1106269,1129924,1233942,1438265,1424046,1489371,1557336,1666978,1914471,1886724,NA,GSDP
Assam,376895,394220,399706,1514317,1557249,1601683,1648650,1665002,1661373,1714226,3483319,3571503,3664165,3923328,4159534,5339771,5521356,5778352,6056720,6403256,6979387,7344442,14317491,14734238,15452540,16521230,19110900,20208084,21991937,23103957,24070724,22846335,NA,GSDP
Bihar,1177111,1129547,1081444,2281198,2530210,2178068,2695960,2592076,2788792,2891397,5017376,5822265,5546660,6202508,5883306,7778116,7646594,8884017,9377406,10741179,11315758,13017089,24714396,25685096,26964984,27948244,29648818,31879745,34402783,38138253,39828340.52,38572820.42,42806456,GSDP
Chandigarh,NA,NA,NA,146785,161347,178634,202838,215912,234934,250385,414115,464751,504821,566377,626431,850404,941333,1079499,1158054,1251908,1320568,1333780,1876816,2028513,2210470,2287013,2493224,2691721,2847968,2986579,3108303,2787025,NA,GSDP
Chhattisgarh,NA,NA,NA,1417075,1435262,1479640,1541517,1589545,1674448,1678541,2724871,2584036,2925046,2923342,3406958,4786229,4940774,5859816,6364377,6898211,7134262,7890295,15807382,16597740,18257945,18581344,19058377,21370478,22013569,23769490,24987503,24545166,NA,GSDP
Delhi,550910,632645,657033,2099179,2350285,2410959,2726841,3149920,3302188,3460505,5522016,5760469,5983154,6435292,6800707,10032452,11040607,12407958,13796086,15579109,16863753,18076539,34379750,36662837,39290838,42835515,47562250,51176524,54201502,56532692,58731605,56466920,62242975,GSDP
Goa,68494,67814,76580,239668,251518,270555,311883,320732,393188,401475,632975,609305,636699,681849,732938,1271331,1367162,1504172,1587538,1746618,1924828,2249908,4236666,3585022,3156846,4011649,4609086,5124924,5265269,5306301,5481154,5336006,NA,GSDP
Gujarat,1247157,1166315,1497386,4919429,5805814,6124566,6996568,7144214,7657106,7735400,10986100,10449400,11327700,12250000,14059800,20337300,23377600,25339300,28127300,30034100,33412700,36758128,61560607,68265021,73428387,81142764,89446534,98134196,108656973,118301975,126527733,124818912,NA,GSDP
Haryana,629877,645867,646949,2213130,2369213,2427630,2709482,2748265,2901069,3123033,5137490,5556525,5990665,6381541,7010716,9579512,10460779,11634434,12617076,13647794,15247447,16377020,29753852,32091191,34750661,37053451,41340479,45670911,48203615,52417088,56603374,53622560,58877121,GSDP
Himachal Pradesh,128537,128991,136237,478268,524393,556846,595528,633514,679197,724143,1411247,1500421,1578609,1658469,1792500,2407658,2610733,2848059,3091673,3321011,3589722,3905441,7271983,7738428,8284669,8906019,9627406,10305499,10940627,11641088,12116771,11481375,12439962,GSDP
Jammu and Kashmir,NA,NA,NA,634268,664224,698160,732740,774166,814374,850913,1565981,1621301,1653081,1737931,1827757,2730462,2888283,3060158,3256098,3466422,3622489,3826996,7825555,8076657,8511550,8237211,9700134,10019868,10662414,11506196,NA,NA,NA,GSDP
Jharkhand,NA,NA,NA,1619442,1687855,1732862,1661547,2098434,2218239,2157282,3432308,3094114,3304292,3388236,3660404,5975772,5784841,5922572,7137711,7012946,7724004,8949114,15091759,16325027,16581626,18653439,17488115,19317392,21058730,22927447,23175539,21896211,23681637,GSDP
Karnataka,1025982,1149444,1181049,4107905,4338693,4616681,5030220,5377782,6061964,6385110,10124745,10268651,10555966,11035977,11417352,16674713,18427703,20266010,22820215,24442138,24759029,27272131,60600981,64967344,71131282,74842911,83132991,94177405,101970817,108261444,114982904,114387339,125223259,GSDP
Kerala,610543,625092,667407,2632602,2850109,2978801,3089003,3178252,3402693,3659371,6916847,7160885,7530899,8080908,8585833,11926400,13129393,14166669,15409268,16265920,17757135,18985071,36404789,38769346,40278133,41995555,45121002,48530154,51618976,55422831,56652270,51439999,55092006,GSDP
Madhya Pradesh,1277707,1207223,1294069,3797098,3906977,4146354,4416999,4638033,4942412,5461425,8013210,7458157,7989110,7676549,8553048,11292689,11891946,12989612,13598571,15294616,16756406,17814354,31556159,35168262,36513394,38394448,41873574,47066916,49710165,54323489,57555384,56451437,62165324,GSDP
Maharashtra,2989927,2998609,3428156,11331964,11621327,12956683,13614896,14372322,14854833,16302287,24783022,24261462,25243758,26962096,29119671,41547968,47092933,53465395,59483158,61019135,66694446,74204180,128036944,135794185,145161464,154316487,165428361,180704575,188870619,197295970,204398250,188930666,NA,GSDP
Manipur,35603,38524,40401,130809,127715,132850,144759,157537,160867,180176,326016,305323,326087,324559,359822,513336,545906,556775,589952,628659,671986,668061,1291460,1299281,1411509,1524490,1642368,1708192,1875074,1826222,2012556,2076748,NA,GSDP
Meghalaya,35575,37536,35794,151087,156632,173061,179450,190542,209251,225618,357814,377337,403315,418552,446966,655933,707785,762564,796999,900104,959122,1041308,1991774,2035357,2072571,2014033,2063842,2173023,2256433,2371885,2492339,2375066,2569682,GSDP
Mizoram,NA,NA,NA,NA,NA,NA,NA,NA,NA,NA,155006,162718,173328,191263,197429,268197,286942,300587,333621,378137,424896,497932,725869,777797,903842,1126104,1232359,1359521,1475778,1610037,1527165,1441739,NA,GSDP
Nagaland,25695,26805,NA,137463,148016,148238,168735,181922,174574,176016,280227,326704,364060,398464,418522,583884,643571,693785,744537,791687,846258,925399,1217674,1286790,1379259,1439877,1466049,1564992,1643983,1686771,1847679,1799161,NA,GSDP
Odisha,488352,545680,540575,1853666,1952807,2053867,1956588,2213603,2267777,2385102,4298608,4227269,4493161,4464098,5140346,7772943,8214472,9270083,10284562,11081178,11585113,12513105,23098708,24336348,26589153,27066534,29222893,33734806,36111668,38673286,39799217,38147033,42033322,GSDP
Puducherry,28285,26874,24208,98127,99660,107722,139865,179913,202334,208216,323483,367175,393508,430872,453002,575371,718822,745341,809328,875074,1017573,1080640,1681801,1731043,1917025,1820665,1906024,2047436,2231767,2598366,2647408,2574006,2659085,GSDP
Punjab,837785,879524,921034,3024814,3113896,3243333,3481868,3586470,3786977,4000299,6716197,6980314,7114617,7317351,7761782,9683851,10255608,11299739,12322323,13043076,13863647,14767012,26662827,28082285,29944973,31212533,33005193,35272056,37540561,39701889,41329463,39978038,42754268,GSDP
Rajasthan,946676,889452,1011707,3296970,3864817,4022472,4475488,4982145,5182509,5292020,8271971,8105959,8986879,8097363,10418891,12774565,13628496,15218867,16001662,17455575,18624454,21307929,43483664,45456434,48623018,52150893,56333953,59674551,62802002,64292850,67956352,66011779,73301688,GSDP
Sikkim,14724,15661,NA,40270,40949,44672,47586,51048,54641,56489,89581,96388,104029,111629,120383,173915,190945,202385,217823,253499,440101,478428,1116510,1142121,1211405,1307097,1436950,1539727,1767336,1862497,1949204,1903992,2067171,GSDP
Tamil Nadu,1396044,1437266,1514020,5754902,6478448,6702144,7033579,7610487,7970342,8457452,13418520,14206482,13984200,14229507,15081498,21900322,24956705,28752968,30515680,32179336,35663186,40341573,75148576,79182431,85197558,89391507,96756246,103676212,112579344,120466736,124383550,124559515,134510826,GSDP
Telangana,NA,NA,NA,NA,NA,NA,NA,NA,NA,NA,NA,NA,NA,NA,NA,8994627,10423333,11634322,12861773,14590178,14757687,17418546,35943411,37011312,38995678,41633207,46454244,50794610,55740976,60840139,64124429,60992733,67630412,GSDP
Tripura,49564,51095,53118,177723,176976,191851,212319,234144,257259,275564,486673,515261,587840,625491,662265,890353,942179,1020245,1098843,1202492,1330590,1438667,1920841,2087297,2281911,2696521,2678690,3053759,3309278,3675396,3806335,3724423,4048048,GSDP
Uttar Pradesh,2539359,2572067,2615565,8045109,8510648,8824372,9771900,9763371,10032117,10583309,17515935,17899672,18288490,18968227,19968195,26084066,27781788,30022535,32221349,34472559,36741677,39630943,72405044,75820496,80206969,83443238,90824133,101150027,105639893,109735324,114027509,107739186,112308957,GSDP
Uttarakhand,NA,NA,NA,568558,618736,617422,657129,668875,679985,685615,1262090,1414100,1492259,1640356,1765303,2478567,2834035,3218960,3802186,4283246,5059803,5566681,11532759,12371006,13418237,14127764,15269872,16770325,18095612,18608274,18717945,17891185,18988193,GSDP
West Bengal,1583663,1705154,1759336,5342414,5705981,6128982,6556213,7097129,7548274,8067630,13537610,14057381,15086740,15657499,16627769,20865636,22178946,23907712,25763218,27024826,29195496,30883705,52048504,54219069,55849707,57436434,60954467,65341593,69498032,73908186,78442406,79272009,NA,GSDP
Andaman and Nicobar Islands,7393,6836,8879,46816,51679,50745,54463,58147,53450,58244,83777,83751,85689,94812,104831,163276,171994,202918,223780,257874,291088,316442,340362,355752,381115,415107,448321,509062,574969,610763,643023,NA,NA,NSDP
Andhra Pradesh,1358012,1434166,1395455,5165511,5456383,5795084,6195503,6032120,6803640,7090408,11636025,12603465,13174957,13474852,14794967,12138779,12814975,14160969,15926959,16334065,17440081,18604072,33999552,34133522,36023923,39706383,44699686,47756555,52662596,55886169,59565816,59386888,66143201,NSDP
Arunachal Pradesh,23111,26424,27107,81213,79578,91460,85982,88410,91037,94772,149696,160666,186399,177479,196806,318793,328064,345798,387298,419144,453927,473538,1022946,1039877,1122644,1308160,1288906,1339643,1392263,1489710,1709094,1658848,NA,NSDP
Assam,342555,357661,361309,1347683,1379647,1412510,1446677,1470357,1457444,1507824,3201066,3282084,3366789,3570820,3790537,4718074,4860162,5079654,5296799,5612296,6129390,6430998,12935412,13251760,13872476,14642539,16762867,17963190,19526228,20462706,21231535,19964620,NA,NSDP
Bihar,1025327,967308,910002,2078007,2316337,1958199,2456885,2340373,2487899,2613663,4607078,5365629,5057852,5697533,5330050,7016688,6841913,8025990,8441505,9728413,10193758,11750314,22849744,23693255,24691474,25573881,26919960,28926487,31260514,34554545,35919556,34418298,38227449,NSDP
Chandigarh,NA,NA,NA,137139,150510,166453,189640,201214,218823,233699,379157,427380,464880,523516,580395,761015,844208,968976,1040464,1118737,1176743,1176469,1692998,1830519,1981345,2035309,2205816,2384240,2528946,2665415,2781732,2442219,NA,NSDP
Chhattisgarh,NA,NA,NA,1216308,1218126,1249552,1304141,1355107,1388245,1371943,2383965,2237197,2550265,2507227,2978197,4138676,4206341,5006477,5411215,5766174,5926328,6497697,14227342,14876030,16349433,16535421,16887888,18754052,19407322,20921074,22062397,21512630,NA,NSDP
Delhi,504641,581366,601694,1896735,2125014,2162054,2459622,2858247,3001627,3145101,5117464,5317698,5522161,5945370,6269379,9471686,10447341,11744414,13068304,14696123,15904354,17223524,31465002,33419330,35652751,38763874,43172959,46159238,48763115,50633247,52199411,49628427,54805786,NSDP
Goa,56825,56623,64927,200186,207972,222503,260231,262787,328458,333373,557043,528685,549169,582633,622542,1099869,1191644,1308515,1365494,1472765,1611867,1929251,3800855,3245285,2797110,3604168,4192944,4637068,4707685,4742453,4850884,4642096,NA,NSDP
Gujarat,1083915,994403,1314371,4256047,5110362,5262943,6065257,6064710,6492062,6516300,9254100,8643100,9345500,10160300,11852500,17226500,19727000,21395400,23925300,24948000,28473200,31589195,53280946,59665883,64148881,70562884,77477522,84393034,94651119,103439901,111017860,109925860,NA,NSDP
Haryana,NA,NA,NA,1942155,2083520,2125391,2375872,2396519,2524325,2706358,4732937,5109018,5503631,5841015,6415632,8622228,9401146,10470049,11289592,12158839,13677999,14605347,27115248,28975622,31493120,33335925,37270025,41205461,43440717,47032764,50777600,48047051,52773312,NSDP
Himachal Pradesh,115080,115718,121012,425003,466385,492052,519886,557101,596628,662185,1246700,1326223,1393830,1461670,1559621,2118941,2300896,2481932,2636212,2764931,2914850,3158958,6053625,6451852,6939816,7455298,8056292,8811212,9352498,9921783,10261302,9813211,10600379,NSDP
Jammu and Kashmir,135989,139048,145227,550020,574499,603148,632065,665224,700533,727015,1353297,1391748,1418490,1490716,1567317,2329221,2437108,2579432,2738731,2910236,3051188,3225589,6531913,6731556,7053583,6715376,8060231,8263573,8759068,9307182,NA,NA,NA,NSDP
Jharkhand,NA,NA,NA,1340310,1396407,1430918,1345973,1761551,1916705,1822837,3022893,2666327,2850001,2929756,3151492,5305570,5067819,5152744,6300496,6047152,6646519,7613444,13738347,14952629,15060933,17056800,15823112,17636312,19157307,20870146,20991267,19646721,21368099,NSDP
Karnataka,911210,1026985,1050758,3698229,3891705,4097390,4473655,4751682,5396093,5654327,9053192,9113592,9278843,9776504,9966856,14872898,16403065,18108596,20380990,21830924,21836349,24081677,55495220,59319203,64678695,67128350,74995161,85139399,91564189,97481530,103035654,102687457,112748045,NSDP
Kerala,526234,536466,575161,2385107,2590792,2694747,2802645,2863315,3060430,3278501,6135933,6290863,6605203,7088517,7547905,10477605,11549986,12462466,13574746,14409392,15712270,16717844,32802112,34861581,36470677,38213426,41115015,44361530,47318179,51078693,52145465,47227225,50610734,NSDP
Madhya Pradesh,1110721,1030593,1106175,3393727,3452901,3660091,3905727,4110147,4381487,4841534,7265536,6675017,7152534,6779491,7539985,9994001,10497547,11454484,11995788,13512421,14793299,15570129,28237104,30685334,32259760,33924690,37071567,41946525,44195643,48236102,50814577,49023764,53918046,NSDP
Maharashtra,2722382,2713938,3124336,10176746,10374316,11518757,11973240,12633892,13136846,14386278,21719793,21052631,21796331,23299401,25098860,37002280,42363219,48198324,53808096,54653290,59933837,66762536,112659470,118971084,126755127,134534146,145251339,159612075,166106501,172857795,178290289,165309396,NA,NSDP
Manipur,31622,34285,35939,114144,111030,114737,125788,137364,139636,158117,295411,276525,293745,292104,324038,460330,490705,499219,526666,565217,603949,586166,1150107,1151507,1251946,1361517,1463516,1520095,1687036,1619296,1775588,1823013,NA,NSDP
Meghalaya,30399,31889,30007,130890,135258,150769,156148,166215,184186,199893,321130,342173,365131,375938,399301,584570,630275,677770,699092,788934,839640,922612,1802803,1832289,1839655,1789285,1833024,1929486,1996368,2096795,2199730,2061989,2252735,NSDP
Mizoram,NA,NA,NA,NA,NA,NA,NA,NA,NA,NA,140951,146256,155499,170451,176015,239960,257728,269272,298845,343703,383198,453887,640414,683644,783145,996002,1094790,1202937,1377941,1411598,1305013,1178058,NA,NSDP
Nagaland,23810,24779,28325,125080,134790,144469,154704,168406,160480,161402,260980,305186,340229,374130,391233,542146,598609,645367,697836,742169,784196,858719,1055427,1116302,1192318,1240641,1259970,1348789,1417779,1505470,1585325,1520045,NA,NSDP
Odisha,434470,489701,481371,1618488,1697360,1774931,1652439,1890156,1948179,2071666,3839889,3738597,3966184,3937689,4512717,6798702,7100497,7984484,8669191,9320665,9395723,9987972,20422595,21630107,23312187,23593074,25319167,29334825,31619189,33833941,34610638,32625281,36511570,NSDP
Puducherry,25385,23797,20831,82923,83452,87021,121164,158983,179451,183744,289252,330511,352936,387912,405330,503306,637508,661439,713732,779211,919669,981185,1515956,1550737,1723851,1605468,1702466,1828379,2002416,2346778,2367207,2281560,2366638,NSDP
Punjab,750493,784487,821516,2706756,2774565,2877062,3088950,3172621,3355210,3532680,6113923,6317224,6399451,6508515,6914937,8610813,9032981,10007179,10873818,11476627,12209725,12998333,23922695,25181259,26751521,27848460,29489486,31578299,33505679,35394247,36755813,35235716,37678082,NSDP
Rajasthan,847260,782337,899649,2897690,3426892,3553035,3968179,4450851,4645716,4657378,7417385,7176407,7993604,7033318,9271219,11263572,12020228,13434991,14047148,15228354,16115948,18536565,39533093,40980249,43429222,46540773,50192151,52965038,55761821,56810188,59854963,58364495,64814163,NSDP
Sikkim,13532,14429,NA,36381,36750,40230,42897,46072,49374,50752,76537,81424,88059,94711,102235,151066,166214,176003,186210,210594,365860,402769,974218,997033,1058986,1143670,1248421,1341584,1520436,1588906,1658771,1614717,1744245,NSDP
Tamil Nadu,1242299,1275540,1341346,5164329,5794317,5986121,6231570,6782227,7050517,7468504,11970394,12634927,12390102,12452136,13228127,19364503,22158791,25628576,27233984,28674358,31675986,35996050,67447835,70934313,75041616,79191510,86243698,92208431,100030816,107160190,109940176,109447112,118192277,NSDP
Telangana,NA,NA,NA,NA,NA,NA,NA,NA,NA,NA,NA,NA,NA,NA,NA,7991568,9275145,10297708,11345624,12891756,12926730,15212280,32513934,33420472,34959266,37289674,41689237,45573109,49814546,54444059,57273640,53775329,59961401,NSDP
Tripura,44686,45900,47621,161927,160065,173269,192342,213155,233275,253208,449557,477849,543314,579604,613570,816969,870818,945804,1008220,1114629,1228729,1321489,1741905,1885721,2062306,2440660,2374531,2720360,2950518,3270315,3369498,3261526,3539460,NSDP
Uttar Pradesh,2277965,2287287,2311916,7093470,7463495,7704631,8559709,8468648,8531020,9120106,15680934,16001454,16292586,16819814,17705365,23102904,24451374,26393540,28085051,30219193,32098884,34662085,64513155,67355219,70746910,72968630,79204876,88845301,92245751,94918445,98010632,91001074,94883857,NSDP
Uttarakhand,NA,NA,NA,510932,556390,550933,585640,592689,599877,600069,1118719,1258168,1317940,1441283,1555290,2228773,2544771,2851414,3349846,3706422,4340702,4796672,10195963,10952849,11777751,12570166,13614351,15030294,16220479,16651881,16635108,15679158,16748657,NSDP
West Bengal,1445781,1559022,1605352,4839763,5176126,5563083,5949599,6448361,6859838,7352781,12529882,12969099,13905744,14393066,15238834,19002888,20199425,21784888,23479772,24426192,26322987,27919095,47320465,49290117,50395157,51570160,54698805,58491083,62378682,65928789,69755447,70664833,NA,NSDP
Andaman and Nicobar Islands,3248,3224,3529,12916,12955,12645,12723,12525,12450,12044,15723,17245,18727,20944,19904,20583,14762,17454,19522,20982,20843,22275,22673,23144,25657,26841,26766,21714,26480,20455,18622,NA,NA,VALUE ADDED AGRI
Andhra Pradesh,441689,451482,444405,1685975,1647965,1754606,1868969,1507276,1926900,1844877,3142534,3591174,3504346,3101304,3671502,3040086,2930256,3005220,3616888,3536393,3818759,3634745,4769366,4793197,5560702,5570842,5297026,5850875,6810935,6291727,7194656,7044933,7621550,VALUE ADDED AGRI
Arunachal Pradesh,8110,9952,9653,28057,25558,26020,26294,27570,26824,29830,42459,48162,46964,47055,50216,54521,50921,61179,77699,66351,64720,81498,248503,273221,287222,294674,258899,182046,185502,185995,184321,195018,NA,VALUE ADDED AGRI
Assam,130542,134350,135609,502168,509476,515814,512065,547705,519522,518891,1099809,1081827,1074631,1081493,1097985,1068008,1079329,1095104,1136129,1170680,1244862,1283447,1888760,2298656,2171636,2107447,2275122,2390436,2416994,2461170,2319352,2311155,NA,VALUE ADDED AGRI
Bihar,396613,329885,297062,994671,1170882,888068,1218402,957393,1142838,1031575,1432315,1988274,1522021,1953765,1570198,1862279,1571331,2104376,1878141,2329376,1908710,2304498,3905314,4367513,3290765,3073814,3063960,3385781,3653969,3383437,3133173,3401579,3806822,VALUE ADDED AGRI
Chandigarh,NA,NA,NA,3540,3464,3408,3330,3121,2990,3092,4877,4603,4679,4849,5158,6777,7015,6956,6945,7390,6309,6078,749,698,594,499,469,427,397,351,333,609,NA,VALUE ADDED AGRI
Chhattisgarh,NA,NA,NA,371819,385301,365181,372658,281681,314692,286665,558545,393524,604012,437328,668821,639982,761507,796216,891150,764903,833500,1061063,1646143,1759339,1802700,1852931,1778748,2244327,1775259,1996452,2036091,2106289,NA,VALUE ADDED AGRI
Delhi,15082,16130,18670,77063,41590,33257,30567,38918,48755,43283,73373,74722,73803,72902,73642,100577,97069,98118,94883,94014,121246,131161,62741,57427,51344,23598,17277,17229,15112,15313,16128,16233,15750,VALUE ADDED AGRI
Goa,6149,5862,7032,22562,22258,22208,23940,22509,26527,29899,53271,41294,38092,43738,45838,54534,69966,51897,56582,52983,53193,53082,93081,93645,100326,97303,93569,101136,100138,102020,90284,90297,NA,VALUE ADDED AGRI
Gujarat,268421,215766,336631,923093,1356926,1173231,1623723,1462715,1569861,1062800,1492000,1300500,1775400,1620100,2387800,2480300,3189600,3137200,3475000,3068300,2933900,3776921,7559820,5877481,8187059,7913255,7263047,7816676,8783375,7053050,8430152,8515957,NA,VALUE ADDED AGRI
Haryana,NA,NA,NA,820149,882100,837774,932884,847216,875438,916126,1540939,1589552,1581321,1556438,1679738,1984488,1934033,2226784,2205804,2367764,2311190,2418900,3765609,3508882,3533449,3185780,3229284,3632329,3735274,3827451,3814843,3888235,3800465,VALUE ADDED AGRI
Himachal Pradesh,38112,36377,36079,115477,114937,119921,121199,121318,125207,118558,260870,311254,339850,348090,394344,428494,447150,415366,463647,437662,337775,435994,506994,563076,673414,577750,660768,544259,470964,448943,591001,515342,584302,VALUE ADDED AGRI
Jammu and Kashmir,48744,49808,50314,173925,205412,206137,223777,214616,224557,236245,405788,405076,428234,436662,476778,546706,546232,554363,563038,576175,574435,627323,623142,548997,587352,361664,579600,561993,542308,610597,543201,498147,547772,VALUE ADDED AGRI
Jharkhand,NA,NA,NA,304872,344714,325648,346220,345234,350968,414176,472582,461634,636987,499675,509958,623367,641738,737297,776186,945866,846417,888157,1227605,1375517,1297247,1365336,987460,1304171,1399025,1084172,1198807,1275431,1614854,VALUE ADDED AGRI
Karnataka,303450,362588,375122,1283946,1263811,1290334,1343758,1302437,1481798,1634442,2728133,2508744,2179461,1986931,1687722,2440207,2722434,2609498,2999681,3027572,3137621,3657875,4807446,5041678,5511927,5069294,4228126,4303892,5734300,5085291,5873242,6683739,6662429,VALUE ADDED AGRI
Kerala,176135,181816,182606,625603,689697,694671,711466,677678,689962,701705,1046965,1072501,1082832,1107554,1081358,1365071,1437106,1278184,1264532,1368481,1298181,1163537,2156600,1927695,1810319,1710998,1444814,1513952,1545933,1390910,1282112,1353170,1417143,VALUE ADDED AGRI
Madhya Pradesh,478591,422322,462482,1356884,1321740,1360555,1438690,1466918,1472004,1576012,2154264,1514263,1897095,1494876,2130964,2543567,2750108,2818878,2742449,3014266,3302709,3266430,6889445,8916071,8687182,8768349,8357378,11145635,10840589,10591423,12054397,12637387,14002588,VALUE ADDED AGRI
Maharashtra,546770,430046,613367,1934320,1897260,1965957,2296525,1940640,2098108,2284519,3455054,3287801,3480299,3580625,3976855,3113563,3481647,4096642,4819301,3839824,3985673,5022122,9615252,9395541,11205250,9189037,8426242,10684082,10069645,9208647,9950825,12500449,NA,VALUE ADDED AGRI
Manipur,10405,10771,10631,35599,33879,34118,36686,38397,38168,40952,71438,74500,77728,74350,86882,86500,86878,85797,98061,111722,131442,99390,120337,140047,147174,155764,130841,119341,244531,243709,229064,215299,NA,VALUE ADDED AGRI
Meghalaya,8178,8244,6514,34100,34293,40072,42959,43686,45769,52968,70738,74217,76857,81545,82923,100246,108195,109776,108395,114123,114290,115038,145770,175360,177756,185992,189972,189646,191585,184203,176566,170752,176957,VALUE ADDED AGRI
Mizoram,NA,NA,NA,NA,NA,NA,NA,NA,NA,NA,30697,27893,27802,28533,28039,32723,33363,34555,43222,53325,60133,72704,71321,68250,77727,82384,78197,81225,82746,90048,90554,93563,NA,VALUE ADDED AGRI
Nagaland,4411,4720,5139,26101,29539,26575,29772,37809,40053,45529,64987,88912,101550,115952,122627,152336,155308,156166,156430,168303,173773,189934,161408,189204,225448,236193,233195,235054,224332,202099,207913,201740,2805270,VALUE ADDED AGRI
Odisha,148966,175685,155935,617480,601593,616476,524795,639878,635601,569013,1074820,973191,1158025,902936,1167713,1367826,1415159,1433933,1508788,1528100,1676037,1703136,2323278,2907474,2599028,2869312,2156170,2706396,2076909,2265336,2759021,3066732,2790749,VALUE ADDED AGRI
Puducherry,1755,1957,1970,8048,9769,8726,7970,6603,8523,8947,14403,14837,14171,12901,13852,18728,20862,24707,25630,31769,22621,29104,11067,13206,12562,14972,8918,7799,7845,8923,8314,5040,6592,VALUE ADDED AGRI
Punjab,357434,384976,393586,1296166,1320684,1315927,1410550,1335392,1374348,1478024,2403771,2432032,2444268,2402597,2538984,2836785,2851257,2928165,3035466,3090688,3050648,3084677,4744202,4732731,4866514,4495122,4453609,4762161,4923199,4903357,4841581,4929824,4864073,VALUE ADDED AGRI
Rajasthan,385419,326101,394278,958726,1232239,1178896,1453346,1510368,1498528,1284072,2231943,2067024,2654733,1664084,3218851,2574105,2574063,2792005,2814926,2945982,2816365,4082864,6716402,6889645,7449123,7028062,6484582,6721387,6342695,6815623,7730748,7663860,7511411,VALUE ADDED AGRI
Sikkim,6112,6176,NA,12764,12745,13798,14290,14585,10889,11140,16152,17271,18541,19760,21386,24574,25785,26401,27979,30390,31567,33121,67799,70346,70980,71308,71548,81071,95637,108145,113933,111368,122515,VALUE ADDED AGRI
Tamil Nadu,271417,303474,310073,1235363,1385378,1187658,1171816,1290418,1416092,1330859,1906769,2006753,1942083,1460064,1421512,1946107,2178651,2529862,2392448,2308466,2457731,2634148,5031026,3849207,4644185,4813262,4554362,3030753,3998578,4102914,4500866,4821228,4968893,VALUE ADDED AGRI
Telangana,NA,NA,NA,NA,NA,NA,NA,NA,NA,NA,NA,NA,NA,NA,NA,1321148,1690777,1661313,1967877,2093541,1801356,2180633,2955435,3254793,3407312,2619091,2072273,2475874,2745368,2526884,4138282,4120809,3907576,VALUE ADDED AGRI
Tripura,17014,16465,15726,50889,46646,50780,55237,56560,61663,63792,125848,112013,139417,137905,145381,176851,180045,194777,233980,241813,234457,244360,307680,325726,355107,358415,354370,379442,409401,457178,458961,487206,516786,VALUE ADDED AGRI
Uttar Pradesh,957778,983121,960418,2835747,2936989,2988529,3272141,3064271,3079772,3370073,5567572,5579894,5641768,5618858,5833698,6455157,6590234,6720858,6922105,7169508,7043912,7311199,11143150,11675934,11244514,10434577,10955996,11697921,12092509,12653584,12574453,12865260,12994359,VALUE ADDED AGRI
Uttarakhand,NA,NA,NA,176344,186728,200641,201843,200031,204545,203448,306753,334955,311621,327277,344085,367537,347465,364494,367873,334526,382857,394715,654767,655489,597741,577197,509725,543819,542775,529012,543323,583847,601785,VALUE ADDED AGRI
West Bengal,392967,447696,449337,1455875,1591630,1612738,1718463,1885107,1797548,1852048,3437165,3389589,3729734,3620018,3736811,3853049,3918944,3950332,4188276,4020193,4354913,4228835,6939766,7211011,7039577,7523872,7450630,7625248,8017048,7981556,8015252,8474373,NA,VALUE ADDED AGRI
Andaman and Nicobar Islands,655,570,1405,3848,4639,4292,5638,5769,3455,3489,3071,2240,1816,1624,2855,1662,1312,1638,1933,1928,1883,1914,5052,5098,5300,3512,6277,7039,5907,5188,4472,NA,NA,VALUE ADDED MANU
Andhra Pradesh,222150,244569,223954,640032,731113,816595,883463,887453,929184,897130,1236821,1196538,1274154,1407512,1545980,1179075,1182516,1265458,1407931,1459416,1512635,1570943,3969153,3047249,2701406,3721730,4296778,4306091,4758527,5734353,5737488,5589675,6278911,VALUE ADDED MANU
Arunachal Pradesh,1397,1516,1648,2536,2661,3067,3855,2738,2916,2692,4692,5478,5137,5549,5193,7069,7846,8937,10229,10304,10594,11986,9934,11338,15161,60612,40163,45556,33763,45565,18257,20805,NA,VALUE ADDED MANU
Assam,22175,22262,20973,113446,120892,120619,119596,132620,116171,128711,227525,187847,219689,290943,333657,432430,393414,380355,336438,311303,420459,441218,1274688,1199593,1444523,1573198,2099360,2586928,2975480,2960301,3053259,3441009,NA,VALUE ADDED MANU
Bihar,162049,170648,132651,92695,83004,65688,65504,138701,35743,104359,315320,289057,261922,282311,266877,343745,317574,341116,447877,558894,512061,647125,1268069,789607,1691289,2376058,2127002,2696745,2821758,2733151,2825356,2625898,2656978,VALUE ADDED MANU
Chandigarh,NA,NA,NA,27987,29131,29528,32650,35820,36924,38085,34891,33515,29678,32206,33888,48974,45743,54862,63112,63837,78122,79253,91508,100609,115812,83713,85360,106213,92628,115051,110427,111007,NA,VALUE ADDED MANU
Chhattisgarh,NA,NA,NA,229964,215215,212117,229907,342647,335294,230845,272664,250290,232880,323838,421952,820238,585475,966800,1104456,1077915,883863,746023,2096873,2313479,3243314,2920843,2995128,2539959,3033179,3322079,3386965,3359533,NA,VALUE ADDED MANU
Delhi,110366,126025,119878,315472,412982,301508,287892,324621,351556,366864,530747,493591,487626,556621,499482,637193,693608,743295,832618,795121,815677,948456,1591119,1892053,1992032,1744814,2500209,2385360,2389423,2418847,2553994,2523527,3367405,VALUE ADDED MANU
Goa,17836,18664,22975,51613,43680,47572,59084,55236,84643,95942,142100,154795,161979,171908,186137,311027,338197,378847,391605,409095,440807,491829,1508357,1294246,922261,1610989,1884849,2044276,2091455,2165206,2113884,2070980,NA,VALUE ADDED MANU
Gujarat,312788,243549,399652,1110462,1370494,1486746,1701714,1509130,1621137,1752900,2448000,2094700,1983700,2416300,2788600,4026500,4682200,5247200,5689300,5836100,7770600,7832084,11184924,15040279,15300520,18575485,21471826,24042421,26668961,30242602,32533526,30812502,NA,VALUE ADDED MANU
Haryana,NA,NA,NA,358878,395694,428602,456259,484929,509391,522766,863343,915765,964085,1037799,1130079,1628205,1760801,1900776,2005638,2006816,2288912,2412586,4454729,5253032,5804855,6095452,7207708,8335398,8502460,9789245,10764341,10699755,11962326,VALUE ADDED MANU
Himachal Pradesh,11612,13863,13488,29952,42081,49401,61704,65680,67589,86513,123047,135019,135708,146007,153221,223392,226523,263049,238381,302210,404129,450328,1393182,1504007,1683199,1841069,2087832,2654515,2997939,3321035,3330267,3079101,3428610,VALUE ADDED MANU
Jammu and Kashmir,9728,9274,9291,47651,41396,41577,39842,40204,42882,45981,51407,47451,46576,48697,50570,125725,137675,154443,170053,200869,222405,235657,624272,580359,595588,609143,747146,742584,773073,742642,676616,653900,681501,VALUE ADDED MANU
Jharkhand,NA,NA,NA,292632,304677,343594,226371,518008,598336,525919,755000,366950,289119,568404,635821,1753023,1282914,1063280,1876328,1089666,1185519,1316060,2740497,3388295,3103621,3462673,2520129,3421197,3915907,4883648,4397578,4400738,4668728,VALUE ADDED MANU
Karnataka,164056,182571,182434,650282,722375,708299,772304,839228,1005987,836056,1043165,1021119,1116212,1407826,1447667,2340218,2343859,3078616,3210948,3597302,3212704,3424919,8343501,8778247,9081837,9019470,11302092,14887347,15068956,15665477,14938039,13884715,15007767,VALUE ADDED MANU
Kerala,79871,82442,89379,269832,325889,353751,340550,329021,350458,369687,555866,560539,522958,544990,570955,808608,824712,884335,1068208,1052421,1049507,1179223,3000616,3404420,3226609,3276047,4226212,5059920,5443664,5099028,4769834,4343519,4853673,VALUE ADDED MANU
Madhya Pradesh,176958,131426,163744,401938,475612,513125,533670,608972,624942,644879,759889,709283,674472,577004,573822,980186,1063482,1412105,1455130,1735244,1877148,1718146,2967896,2159834,2575161,2640189,3705230,4174515,4564435,6135417,5774530,5278433,5964432,VALUE ADDED MANU
Maharashtra,767462,753940,824267,2432825,2460477,2894795,2886675,3300917,3066589,3286897,4134307,3575203,3376631,3752790,4187123,6732816,8863496,10629224,11685445,10583382,11490101,13178600,20680409,22202071,25047869,26369106,29626776,32190589,32874649,33813362,33059881,28677463,NA,VALUE ADDED MANU
Manipur,1895,1868,1940,8437,8164,8570,9269,9448,10800,13061,17484,18664,17959,18659,19280,18894,20126,22950,27440,26146,27662,28559,32858,20586,32505,31471,43071,44922,43107,41394,36908,34175,NA,VALUE ADDED MANU
Meghalaya,1262,1418,1506,3365,4107,4234,4570,3875,3673,4248,5025,5217,5126,8352,9393,12852,23376,39036,42491,41127,46431,54040,426023,422228,338181,273050,109372,140501,182568,192467,228229,220436,268375,VALUE ADDED MANU
Mizoram,NA,NA,NA,NA,NA,NA,NA,NA,NA,NA,1463,1494,1523,1444,1592,2632,2634,3162,3986,3690,3387,3652,4968,5253,5570,5702,8510,9172,8453,8987,10833,10181,NA,VALUE ADDED MANU
Nagaland,1908,1921,2205,3757,4531,8065,9813,9988,3448,1249,4570,4852,5516,6233,6634,8511,10474,12028,13918,11885,16841,13426,11153,13906,9537,11410,17876,21585,21739,24592,22273,21594,NA,VALUE ADDED MANU
Odisha,48692,58915,58257,116890,142691,161037,106817,100371,154557,198584,315025,282373,239841,287264,352792,626706,542399,717340,914377,1056856,546407,453036,3273608,3259701,3798066,3251093,3476764,4858979,6253089,7613990,6484401,6910001,8109681,VALUE ADDED MANU
Puducherry,6016,6293,6955,21637,20488,17126,49448,82280,86454,81161,103557,134136,155549,175034,188973,164649,256471,227917,225431,258145,325724,298228,368161,350079,480749,347223,423511,448006,499192,911737,779696,768429,788004,VALUE ADDED MANU
Punjab,122141,129574,141861,389805,408521,431257,449926,470252,505433,522815,824963,849502,784412,830768,861345,1207208,1314677,1644121,2004668,2050948,2349066,2572622,2940858,3092552,3257929,3493724,3751196,4123948,4385019,4581177,4599021,4593862,4903520,VALUE ADDED MANU
Rajasthan,95098,86730,93407,324001,445794,497134,452511,584287,562797,672889,801610,753740,690466,668593,687580,1269814,1420562,1798082,1817170,1976644,2286334,2062589,5689422,4316304,3799857,4379336,5751651,5914130,5977174,6800908,6571119,5927189,7335018,VALUE ADDED MANU
Sikkim,620,649,NA,2066,1973,2077,2181,2181,2192,2187,3156,3302,3332,3471,3707,6395,6530,7036,8106,8834,113699,161404,413380,411667,443382,499778,555850,627627,699150,733132,700889,673147,721600,VALUE ADDED MANU
Tamil Nadu,300278,270540,289695,1306985,1480559,1659715,1609290,1580596,1456116,1603259,2096612,2251575,1958293,2015139,2268295,3282383,3809594,4553305,4534777,4315213,5748374,6595277,12163483,13887693,12569147,12842743,16648495,19033037,21327739,23197149,22822351,22411766,24753967,VALUE ADDED MANU
Telangana,NA,NA,NA,NA,NA,NA,NA,NA,NA,NA,NA,NA,NA,NA,NA,889427,999728,1284299,1226045,1546751,1518296,1954386,5292515,4362566,4350148,3985411,5492396,5594860,6102679,7207925,6999358,6768703,7500211,VALUE ADDED MANU
Tripura,1480,1928,1934,5289,4965,5159,5118,5170,2479,4878,9103,19517,14400,11929,14568,32893,21588,24021,26110,25732,28604,41068,62462,105242,96542,134735,98503,133964,116936,107009,119861,116256,128746,VALUE ADDED MANU
Uttar Pradesh,340431,332796,340919,923494,1082509,1102396,1340136,1227636,1014260,1112030,1738274,1641588,1597928,1722247,1773516,2738719,2845971,3468978,3681681,3334539,4048573,4438921,6919442,7392673,8552794,7465709,9434858,15447730,13401460,12410068,12654695,11935501,12712361,VALUE ADDED MANU
Uttarakhand,NA,NA,NA,73918,104888,66078,88354,70147,46651,42771,96728,139411,124955,171887,185778,249951,377311,444600,661087,739482,887618,1043830,3741191,4229589,4401140,4719555,5233268,5796529,6216712,6193203,5927148,5823514,5969770,VALUE ADDED MANU
West Bengal,255934,269074,273435,756153,789396,909340,952733,1021383,1076366,1170330,1070424,1122073,1163195,1293410,1336558,1774449,1710248,1962013,2227778,2175308,2353585,2594587,5780269,5876362,5943262,5274087,6729882,7883496,8778091,10462123,11060828,10209841,NA,VALUE ADDED MANU
Andaman and Nicobar Islands,504,573,584,5686,8734,8158,8358,10533,9091,12300,5879,5896,7585,11391,17929,40892,48979,71320,83896,66230,63000,69541,50758,53354,57509,60191,66193,74790,86009,79526,86299,NA,NA,VALUE ADDED CONC
Andhra Pradesh,60651,61437,61757,274181,313096,317859,318087,365960,382969,433574,685901,763119,824225,809245,872682,808122,978281,1077517,1217565,1353786,1375887,1279355,3531627,3371104,3475663,3749096,3741891,4070849,4050091,4212960,4226494,3988543,4439174,VALUE ADDED CONC
Arunachal Pradesh,4156,4307,4135,16444,14424,23718,15728,15463,15578,14186,21816,20965,47163,32902,37645,67305,71489,68356,81100,103720,84721,104888,99595,94748,103830,162745,135123,139080,161625,139205,151995,124343,NA,VALUE ADDED CONC
Assam,15221,15620,15531,66758,74452,68588,80598,77514,86208,60112,139149,170703,187425,190139,231022,328743,304000,315305,323734,497228,540030,546714,1131858,1116543,1263421,1349852,1420013,1624651,1734164,1689170,1908355,1772435,NA,VALUE ADDED CONC
Bihar,68444,69643,74138,73695,63996,71103,78456,84759,107259,146239,186437,187218,206936,247986,240368,490620,608073,755468,892175,1011471,1268501,1700452,2576408,2423545,2543684,2423766,2686624,2779940,2936682,3193017,3179579,2915195,3099646,VALUE ADDED CONC
Chandigarh,NA,NA,NA,9173,9526,10433,10964,13998,19661,17249,30393,35442,43557,59609,71784,74756,88534,130315,127972,70812,85849,76802,108498,99278,105674,106365,110702,114471,116933,126885,123802,111080,NA,VALUE ADDED CONC
Chhattisgarh,NA,NA,NA,61692,61194,72326,72553,73025,72998,98028,100183,93036,134338,135799,148429,314677,391698,549178,529410,566600,644778,730895,1811676,1690637,1652417,1656004,1503250,1697422,1809386,2029104,2250586,2270875,NA,VALUE ADDED CONC
Delhi,23219,22351,26006,136801,137476,149290,176921,226516,225740,176983,301366,425138,386055,465760,505615,937605,979480,1010820,1013581,1033444,1052423,895835,1588185,1541608,1567100,1499867,1508531,1689236,1910245,2109287,2016242,1869311,2378065,VALUE ADDED CONC
Goa,2419,2279,2866,10083,12111,10824,14068,14679,19012,19204,34226,34721,35215,36194,37549,126206,130419,142635,151012,159228,170091,219736,129494,122273,133901,130666,169940,155240,171443,166749,162788,150094,NA,VALUE ADDED CONC
Gujarat,43180,63602,50530,213642,208914,228090,228774,282876,308542,412800,617100,540700,459000,605400,778100,1251700,1339500,1445000,1974400,2314800,2346700,2478629,4258325,4375741,4698480,4835549,4817045,4791595,4980819,5696399,5644415,5232373,NA,VALUE ADDED CONC
Haryana,NA,NA,NA,147925,158048,164300,161822,170119,184311,193423,334752,337701,423634,475569,554713,883706,961275,1057120,1074592,1120399,1258109,1267657,2839051,2612669,2864570,2815256,2758254,2921831,3103563,3361544,3318952,3130360,3465308,VALUE ADDED CONC
Himachal Pradesh,11660,11481,13931,63867,68166,76475,80335,81497,89064,93589,260958,263088,285386,308044,314558,448350,503518,565018,619080,607451,610029,591482,608088,642777,678835,723387,712963,769183,800153,822374,821828,720711,816840,VALUE ADDED CONC
Jammu and Kashmir,10894,11255,11616,71239,76305,80989,82526,87495,87368,67695,156957,145545,159667,175396,185121,428412,463245,499458,523060,507451,503886,462870,623414,606430,662094,627013,641945,726320,752949,748043,775069,690112,789054,VALUE ADDED CONC
Jharkhand,NA,NA,NA,74752,66997,80363,90000,101954,110622,77816,211631,205224,249093,211067,259090,347832,399335,454016,470036,513216,563168,661919,1371583,1271097,1387201,1394971,1418993,1488897,1563035,1661118,1666342,1505780,1542870,VALUE ADDED CONC
Karnataka,39444,44362,44402,199081,189763,229626,262124,322112,386660,435061,686091,703731,769183,815265,814971,1363573,1607483,1786769,2093201,2035086,2036144,2411083,4801598,4516224,5042357,5065440,5210481,5203669,5387818,5787465,5598552,5259213,5727178,VALUE ADDED CONC
Kerala,40270,40811,43931,197049,199786,199276,204232,227233,252240,219186,636907,622145,693577,783591,897148,1392541,1604687,1712403,1746480,1788250,1953869,2280939,5058202,4873178,5295563,5434182,5424132,5828664,5993034,6387080,6292638,5643983,5932252,VALUE ADDED CONC
Madhya Pradesh,31496,31553,29278,183164,190430,199891,208430,212505,258423,506443,451606,477129,480122,522998,564824,895856,970986,969614,1160945,1476173,1534063,1733285,3333178,3076454,3287065,3343275,3362383,3457073,3702203,4245820,3969204,3608567,3937228,VALUE ADDED CONC
Maharashtra,142890,148030,153354,532175,536224,533713,582655,639456,700367,649804,1291990,1134730,1262882,1262050,1374345,2512468,2672784,2898759,3634358,3956050,4150401,4738763,7684092,7339588,7492869,8129253,8291159,8690179,8800999,9051102,8592775,7644918,NA,VALUE ADDED CONC
Manipur,2566,2899,3202,8343,9097,11708,14927,15576,14234,18254,38170,29495,35651,41653,56556,140754,150792,152487,152716,156398,161186,119316,95958,93671,104639,162372,187366,156016,164880,98007,148006,155745,NA,VALUE ADDED CONC
Meghalaya,2572,2795,2924,9885,9351,11204,12680,15997,18172,18754,32377,38965,39356,40971,43286,70342,72175,73869,74685,128123,127021,127094,108427,91971,93689,97715,116244,103489,113287,110729,100009,88705,86587,VALUE ADDED CONC
Mizoram,NA,NA,NA,NA,NA,NA,NA,NA,NA,NA,14805,15349,19047,21511,24514,27780,39083,38607,42419,54569,56255,56295,85140,77185,93763,100755,114111,124562,172035,153204,132246,137628,NA,VALUE ADDED CONC
Nagaland,5284,5284,8758,10136,11203,15451,16628,21462,17630,16589,27148,31091,37203,43596,45010,54514,64392,74211,81107,95772,96309,77654,99948,99652,74726,88565,98993,104259,122973,111520,106002,87622,NA,VALUE ADDED CONC
Odisha,27777,22835,23281,107096,114100,111478,104630,119256,111636,137876,266408,252728,236799,239480,219412,780034,800980,917983,998243,1002774,1041456,1190543,1963596,1906551,2012619,2008004,2015148,2148082,2317010,2393553,2368334,2079572,2250442,VALUE ADDED CONC
Puducherry,9341,6700,2800,4685,4853,4804,4893,4943,5449,5624,18492,18805,19128,19358,19598,71914,75985,79694,84587,88438,88041,88982,232607,207325,247738,213530,214596,231049,272350,286385,316450,318821,333637,VALUE ADDED CONC
Punjab,28662,24609,28583,121370,122207,146966,134129,184560,227928,179704,286176,328194,357101,328164,382925,604167,694584,832825,901074,971708,1010774,1020516,1885045,1838752,1868970,1899471,1944607,1984357,2065523,2211507,2262983,2264861,2435599,VALUE ADDED CONC
Rajasthan,53837,54165,59598,283963,317020,331089,367890,429448,421407,490971,699805,651575,735868,796667,1000850,1491553,1658605,1852866,1866625,1856354,1848321,2028305,4153426,4040715,4203970,4261931,4185490,4287400,4369020,4546804,4688280,4545807,4903751,VALUE ADDED CONC
Sikkim,1852,2002,NA,4950,5057,6036,6598,6750,6742,7541,9087,10290,13156,15662,17745,32149,36366,37671,38844,37217,40902,42026,63928,59719,62269,62168,67137,59976,63968,65311,72732,61546,63694,VALUE ADDED CONC
Tamil Nadu,85702,83099,85828,286403,323771,324452,344938,414832,467183,533945,915572,946259,956959,1049554,1123367,1876913,2180007,2266987,2674364,2804591,2936473,3585359,8815014,8783324,9377658,9472626,9977262,10555117,10889420,11434974,11743272,11626143,12462632,VALUE ADDED CONC
Telangana,NA,NA,NA,NA,NA,NA,NA,NA,NA,NA,NA,NA,NA,NA,NA,652050,789348,869418,982418,1092332,1110164,1032277,2172794,2197135,1997696,2183335,2246247,2271511,2592049,2675569,2499698,2416956,2436018,VALUE ADDED CONC
Tripura,2134,2400,2239,10881,14784,15903,18312,23110,29236,31802,42121,68763,85059,94959,117744,135964,168428,191208,187852,205057,225202,220387,142979,144549,156328,126086,153713,190569,195452,247156,186642,184907,192309,VALUE ADDED CONC
Uttar Pradesh,79102,76887,76743,322086,322897,373340,388382,454793,515916,543608,821313,903256,904944,958245,1062170,1825000,2159886,2271166,2434720,2875106,2862826,2984329,8090539,8133292,8097091,8618317,9096263,9624319,9920724,10912927,11208664,10026634,10463631,VALUE ADDED CONC
Uttarakhand,NA,NA,NA,37892,37358,44901,45449,52977,65182,61820,91221,116561,148726,169559,172202,301753,330611,382228,351092,332343,365640,408766,841393,802818,1004970,1024113,1019679,1130722,1158719,1245750,1211204,1086147,1204916,VALUE ADDED CONC
West Bengal,127380,134280,142035,222808,234181,247958,262031,270228,291391,321463,642153,669954,728501,776586,938763,1427273,1579503,1680065,1713542,1565166,1702648,1806259,4233191,4359136,4746256,4720111,4235753,5409242,5592284,5895912,6476500,7098790,NA,VALUE ADDED CONC
Andaman and Nicobar Islands,431,346,1752,9080,12594,12121,14310,16031,10207,12827,9932,9296,10438,14013,21841,45034,54383,76512,89040,73241,71438,76099,61418,66936,71290,83149,99264,108419,121566,111491,121328,NA,NA,VALUE ADDED INDUSTRY
Andhra Pradesh,314091,335786,311835,1076504,1232526,1317849,1406046,1468543,1548131,1611180,2433545,2470611,2640115,2845633,3037143,2299920,2489325,2922716,3246094,3295872,3364594,3410828,9510720,8153577,7948923,9293274,10324079,11071053,11754461,12584406,12912510,12883206,14533839,VALUE ADDED INDUSTRY
Arunachal Pradesh,5166,5441,5374,18484,18273,26837,19512,20351,21968,19707,30221,29223,54770,42434,55261,95409,100481,97093,113217,138409,124510,142228,180479,184860,200282,314456,283205,317216,328481,314607,303515,256212,NA,VALUE ADDED INDUSTRY
Assam,50211,49922,48485,260601,273326,269008,275166,296725,287022,275314,528866,529221,564040,653049,737970,1195811,1135106,1131813,1109723,1191169,1316403,1317071,3825617,3613613,3905997,4162066,5811367,6497760,7320739,7530066,7577819,6918685,NA,VALUE ADDED INDUSTRY
Bihar,284245,291353,256983,180922,165635,155057,164001,245842,165746,279735,550029,522801,513219,566227,537702,903068,1000156,1177745,1420947,1669773,1905694,2470609,4104960,3486082,4644087,5169234,5235781,5843838,6161995,6517657,6793292,6197926,6434834,VALUE ADDED INDUSTRY
Chandigarh,NA,NA,NA,36152,41304,43340,49834,53826,61737,62590,70867,74771,77932,97299,110830,130140,140733,191622,198087,143426,174083,165822,217909,218247,239438,208433,240841,245973,239132,277655,283139,265886,NA,VALUE ADDED INDUSTRY
Chhattisgarh,NA,NA,NA,427083,398952,421644,440498,552555,542667,502766,730804,730115,749158,849553,996279,1677506,1527853,2093826,2212740,2452831,2333105,2261446,6112670,6337247,7399559,7156443,7245806,7321861,8289984,9116911,9446531,8782490,NA,VALUE ADDED INDUSTRY
Delhi,147519,163821,161825,472886,564964,464754,478929,569845,596380,562231,888720,974884,932769,1085793,1076919,1639076,1733963,1836648,1887203,1970798,1939454,1908374,4120266,4456061,4785797,4581575,5584683,5645000,6156725,6519860,6617543,6777396,8400463,VALUE ADDED INDUSTRY
Goa,21356,22151,27227,74943,70259,71843,85463,87609,122252,130070,203018,212807,226951,238598,255323,497541,532279,608550,614967,628159,684064,771954,2248849,1680489,1152712,1860580,2212671,2573119,2595267,2569551,2545737,2491396,NA,VALUE ADDED INDUSTRY
Gujarat,382119,336799,486516,1528654,1789702,1949672,2169744,2039087,2188166,2426000,3478400,3049100,2915000,3496600,4030600,6127900,6884200,7576900,8538200,9042100,11380400,11726282,18520341,22922429,23282876,26911568,31400609,34422519,37628848,41948528,44633674,42101721,NA,VALUE ADDED INDUSTRY
Haryana,NA,NA,NA,497078,543987,581809,611642,646569,688056,709418,1250362,1299055,1436498,1549607,1729892,2620247,2837585,3086634,3221644,3249799,3711805,3834251,7533243,8012644,8812821,9073827,10148755,11509871,11887632,13392440,14392107,14161063,15793038,VALUE ADDED INDUSTRY
Himachal Pradesh,27276,28220,30362,110298,145614,159866,173385,185495,197661,219175,443666,463892,486498,522362,547800,776010,839281,942137,981540,1044594,1145947,1186714,2426637,2569840,2803119,3073113,3323447,3939214,4321730,4652919,4626763,4293792,4772839,VALUE ADDED INDUSTRY
Jammu and Kashmir,22957,23200,23966,98968,93752,92281,86195,98489,105196,86872,272179,283156,291410,291286,305986,645226,680705,732745,764413,779321,804765,785254,1706685,1779261,1873674,1593713,2164601,2237890,2370572,2368568,2331928,2165339,2331358,VALUE ADDED INDUSTRY
Jharkhand,NA,NA,NA,594283,602042,642731,552617,897305,977147,869766,1350628,950638,901774,1138859,1270104,2684907,2267936,2065188,2895470,2263808,2381378,2872046,5697153,6358130,6151452,6765238,5813107,6448756,7059141,8329739,7886961,7393117,7846411,VALUE ADDED INDUSTRY
Karnataka,218879,241591,240900,910229,982872,1005842,1102564,1241257,1480419,1355764,1916450,1930215,2110631,2466589,2519466,4072328,4337013,5206342,5699215,5957169,5658379,6211508,14260389,14333850,15308604,15493650,18205856,21570854,22044545,23067046,22317155,21049288,22651986,VALUE ADDED INDUSTRY
Kerala,127187,129142,142877,489549,548221,577035,574150,591660,645151,644172,1281386,1274968,1323354,1450851,1601588,2336941,2578548,2741765,2953522,2961328,3149786,3610561,8609559,8782043,9163934,9515165,10137461,11401635,12114828,12201824,11727543,10645491,11496058,VALUE ADDED INDUSTRY
Madhya Pradesh,267183,226906,264861,725355,795815,858035,889244,964828,1102150,1360350,1562914,1522270,1524524,1475953,1491067,2479821,2582011,3030108,3256737,3916114,4139480,4312637,7931058,7018466,7590128,7892179,9237897,9649420,10653378,13036303,12070425,11251478,12568931,VALUE ADDED INDUSTRY
Maharashtra,962850,959383,1036243,3223588,3277629,3754378,3819284,4326619,4163039,4307977,5964777,5323195,5169988,5629766,6209231,9892690,12227434,14191251,16007659,15365517,16561637,18936839,35134026,36614386,37755291,41074630,45677541,49030271,50411057,51772409,50390391,45424254,NA,VALUE ADDED INDUSTRY
Manipur,3226,3420,3700,17954,17211,19065,22055,22502,24871,31813,63200,55105,59906,67142,83248,169696,183000,186997,190732,195400,208250,172652,168524,155595,176024,228267,266930,247605,253180,160469,203245,202167,NA,VALUE ADDED INDUSTRY
Meghalaya,5324,5589,5374,19995,20700,23132,24639,27758,35609,36433,67736,77587,86518,84567,94738,144652,157370,179491,186705,220715,233003,256670,694289,645815,609634,464657,356123,332390,377065,360015,373807,363405,413575,VALUE ADDED INDUSTRY
Mizoram,NA,NA,NA,NA,NA,NA,NA,NA,NA,NA,20557,21678,24907,28650,30989,36467,48253,48316,54304,65996,67323,70227,128291,122225,162553,178414,197578,221880,375061,322119,55868,36748,NA,VALUE ADDED INDUSTRY
Nagaland,7117,7088,10339,15314,17102,26030,28921,33750,23389,17938,34066,38501,45436,52989,55325,67207,79212,91110,100689,115597,121447,101592,137541,138650,106173,119146,154601,152003,181681,172769,178543,161858,NA,VALUE ADDED INDUSTRY
Odisha,101193,107156,111359,330627,374360,394382,337882,367245,423090,507971,835621,779136,712439,813024,918722,2069078,2018896,2459103,2743929,2850974,2358377,2408595,8073266,8050481,9254282,8369223,9529802,11549918,12762638,14430013,13125614,12745228,14630271,VALUE ADDED INDUSTRY
Puducherry,14756,12363,9076,24657,23569,20062,52369,84927,89719,84494,123976,154982,176533,196619,210817,241945,336880,312314,328210,352856,418602,392727,639846,604477,764905,589985,678410,728873,833988,1253830,1153462,1142330,1185141,VALUE ADDED INDUSTRY
Punjab,169364,173083,191097,536822,556496,603752,612720,684945,769602,739607,1241170,1289604,1246408,1272425,1365728,1980668,2166733,2730115,3184430,3301129,3637546,3872312,5304135,5423814,5640792,5931485,6360946,6827922,7196222,7559558,7735970,7679567,8221366,VALUE ADDED INDUSTRY
Rajasthan,168154,165010,187036,732724,881818,959393,943840,1174491,1235777,1397686,1857112,1736273,1769164,1883453,2110663,3205123,3517583,4167618,4210883,4439156,4868677,4996893,11968461,11638463,11473314,12536250,14866429,15685217,15998775,13605442,13077595,12300734,14210055,VALUE ADDED INDUSTRY
Sikkim,2208,2340,NA,7171,7173,8228,8962,9154,9322,10475,14619,18001,21065,23534,25964,43121,48987,52140,53844,66610,192821,233289,605871,589226,618522,685283,749485,814493,907869,962957,948105,906765,970026,VALUE ADDED INDUSTRY
Tamil Nadu,417832,381956,410305,1691630,1929472,2117181,2100888,2142983,2086634,2323341,3272082,3484362,3078323,3335226,3611111,5553241,6372872,7213311,7522175,7280656,8861896,10387787,21794938,23308260,22609747,22809286,27108377,30020471,32810688,35440181,35158830,34401553,37590656,VALUE ADDED INDUSTRY
Telangana,NA,NA,NA,NA,NA,NA,NA,NA,NA,NA,NA,NA,NA,NA,NA,2010903,2280813,2640583,2729902,3191729,3203593,3651431,8960274,8010472,7845226,7689295,9406207,9493511,10650779,12201937,11617794,10992835,12034881,VALUE ADDED INDUSTRY
Tripura,2716,2699,2755,14252,16367,18603,21174,26879,32952,39845,64009,99622,113332,123038,140580,185357,210973,235522,235124,257843,290064,299268,338790,394030,389584,685602,619844,735304,747547,841143,733864,687594,751349,VALUE ADDED INDUSTRY
Uttar Pradesh,463636,452631,453257,1405981,1584144,1665843,1920261,1874427,1739089,1827666,3082029,3144852,3100882,3342284,3565404,4993512,5460143,6225666,6596566,6821075,7408657,7967570,16201993,16667659,17858068,17420143,20177813,26847448,26510386,26424785,26301907,24618152,26189393,VALUE ADDED INDUSTRY
Uttarakhand,NA,NA,NA,124815,157413,124815,144881,133107,124739,118197,215130,280796,314898,375393,414603,597554,762959,881192,1070370,1130655,1309222,1522068,5013254,5469367,5924727,6262861,6759481,7517121,8083790,8155903,7849595,7494280,7780762,VALUE ADDED INDUSTRY
West Bengal,400640,422847,436347,1089409,1141338,1276904,1330268,1409576,1498341,1631639,1964996,2083948,2200432,2401248,2606643,3671855,3780224,4121105,4404258,4131501,4537639,4907912,11425737,11748792,12198449,11599207,12704832,15005150,16314026,18362677,19638436,19473260,NA,VALUE ADDED INDUSTRY
Andaman and Nicobar Islands,209,230,248,713,733,904,1798,1369,1593,1593,2161,2351,2557,2533,2442,3580,3864,4602,5700,6127,7968,9580,12572,10986,11829,12240,16468,14618,15702,16650,15835,NA,NA,VALUE ADDED BANK
Andhra Pradesh,70572,74072,70686,197759,229119,241559,271123,315250,364162,387704,545051,569360,675153,741013,752191,587454,674770,814643,991608,1196204,1298768,1515270,1403097,1536254,1623342,1775219,1880400,1938859,2105997,2610245,2698133,2839786,3134271,VALUE ADDED BANK
Arunachal Pradesh,344,410,410,989,1105,1223,1460,1660,1941,2031,3833,4615,4640,5330,5042,7377,9068,10212,13586,14255,16885,18291,20554,21275,22386,25687,28773,25918,23792,30077,34988,36520,NA,VALUE ADDED BANK
Assam,14716,13558,14222,41518,45092,50864,65371,74243,78140,89297,111737,113848,120134,137794,128896,158850,177975,217255,248612,278135,312698,376078,420333,440033,464052,469925,588643,605106,672579,680134,754883,772559,NA,VALUE ADDED BANK
Bihar,31726,31423,29569,56523,59550,64357,89007,123185,108240,107980,176689,195031,239592,229735,222453,254054,289353,346152,386183,415142,520146,623080,869974,941217,1009476,1145354,1202079,1131431,1313963,1790717,1863049,2033657,2223099,VALUE ADDED BANK
Chandigarh,NA,NA,NA,13190,20872,29014,33569,32878,29831,29682,50305,62741,70926,84246,83512,95423,111605,140592,159082,211314,267830,286935,281065,315035,336221,340785,337250,355732,318859,382919,392306,397530,NA,VALUE ADDED BANK
Chhattisgarh,NA,NA,NA,21243,23682,26840,34997,54649,40974,46122,65690,70356,72970,84533,84199,109306,132238,171152,196172,226694,290957,367228,529208,590866,646724,670413,757684,677144,726866,745250,786237,821865,NA,VALUE ADDED BANK
Delhi,56878,81745,77636,308105,336801,423621,593405,777577,756962,847273,1132556,1034322,1095415,1153637,1210782,1604252,1800417,2273736,2674892,3052345,3836489,4390521,5303210,5811414,6116374,6506996,6628969,7051013,6887399,7251302,7343722,7853026,8202783,VALUE ADDED BANK
Goa,3641,4102,3884,13120,15459,30291,44808,43469,38508,43581,52114,39529,41770,61520,58878,66929,75261,94097,110364,123961,140106,151379,170199,198185,197376,223331,234692,214601,231565,196102,193465,256892,NA,VALUE ADDED BANK
Gujarat,88779,96108,118405,322701,336945,385017,348875,392656,422643,518800,707600,584300,662300,776500,760600,1113100,1315800,1519100,1765500,1939900,1967900,2329803,2896275,3333444,3702984,3965726,4306343,4509693,5086519,5777674,6136760,6419051,NA,VALUE ADDED BANK
Haryana,NA,NA,NA,52188,57507,62493,88146,107927,105733,135976,185611,195195,205875,229888,226360,297988,370123,454794,542256,606690,698489,876622,1147252,1272448,1409245,1563737,1796281,1967791,1660365,2043504,2134229,2330439,2438863,VALUE ADDED BANK
Himachal Pradesh,5435,6242,6948,18487,20540,19744,22684,23630,25999,32446,53116,48004,50412,53423,55055,71855,86313,112188,130450,132530,169947,216094,282809,306678,299134,361982,387335,392701,316212,318329,321279,316460,329118,VALUE ADDED BANK
Jammu and Kashmir,4321,5102,5260,15276,15337,18548,19717,21568,23202,23626,56687,61452,65393,75525,75088,96705,111231,113600,135796,170197,183127,203086,222483,253994,307921,349907,412717,429271,342925,361848,396379,427099,448308,VALUE ADDED BANK
Jharkhand,NA,NA,NA,28197,26578,30801,47300,53310,57150,83031,64020,70666,86812,83241,80602,134787,154884,191716,225918,241575,291223,356127,407843,445363,458389,484056,596548,587352,612920,610395,647286,681894,722424,VALUE ADDED BANK
Karnataka,61912,65476,68509,187275,218489,244941,266060,317880,316271,370143,532885,564977,607966,709700,733090,1003298,1166413,1400382,1664870,1919887,2105808,2224667,2833927,3114742,3416595,3909744,4451354,4714268,4632325,4921672,5028349,5231088,5398036,VALUE ADDED BANK
Kerala,38505,36083,40324,111005,122968,141407,180090,168681,220560,248188,310564,330804,375065,464654,459414,594202,707455,828586,959981,1076139,1188831,1345154,1408254,1501329,1669300,1807803,2044108,2134932,2153266,2552054,2664612,2455647,2563532,VALUE ADDED BANK
Madhya Pradesh,53374,47250,45235,84380,93377,105319,138547,164406,160208,169623,265960,289994,300371,347902,348558,402691,477024,572631,645878,760780,917400,1138469,1568489,1679708,1821617,1861623,2120654,2029146,2050343,2068820,2083478,2102318,2180448,VALUE ADDED BANK
Maharashtra,2512567,362703,429539,1433591,1466071,1591516,1292515,1316809,1767598,2221908,2739434,2518030,2829045,3115420,3278656,4649880,5408113,6460245,7612821,8751278,9412759,10713978,11597555,12518415,14199386,15292917,16192760,17067427,17531616,17859042,18444601,19022918,NA,VALUE ADDED BANK
Manipur,642,725,639,1907,1594,1528,2142,2389,2415,2722,4443,5558,5368,6859,6683,9009,9771,11573,13023,12938,16446,21330,23030,24484,26801,27825,34431,35045,36825,45539,50742,56539,NA,VALUE ADDED BANK
Meghalaya,1101,1158,1183,2914,3351,3290,3872,5075,5469,5685,9565,11121,11328,13046,13641,17277,20160,22594,24657,27385,32141,38889,54943,54468,54513,60229,63757,65029,68849,59023,66648,70452,76972,VALUE ADDED BANK
Mizoram,NA,NA,NA,NA,NA,NA,NA,NA,NA,NA,3761,4291,3967,6105,6270,7154,8163,9761,11156,12312,14275,14759,19736,18870,19341,25215,30849,26156,25875,30600,32514,32406,NA,VALUE ADDED BANK
Nagaland,806,825,778,1693,1704,1664,2124,2114,2205,1796,2919,4541,5500,5900,6399,8207,9925,13478,16082,15864,18959,23356,46948,51166,51342,54388,49425,49111,51608,54735,52709,64457,NA,VALUE ADDED BANK
Odisha,16329,16148,17945,46380,51033,53570,73467,84892,72928,89401,132475,144192,162841,187954,186042,247392,285485,341375,402532,471497,545177,686890,783729,882747,913891,1000968,1075954,1042827,1126984,1184551,1284902,1353314,1490486,VALUE ADDED BANK
Puducherry,1121,1359,1359,4149,3575,4332,4852,5520,6050,5424,9596,10793,10944,13494,13651,18680,22473,29313,33861,37247,44770,45123,58223,61594,62014,64872,76012,79880,85457,76647,90194,94405,100206,VALUE ADDED BANK
Punjab,35039,35242,35073,94480,103467,121856,169760,191562,178507,203148,289845,303240,317680,324214,349457,430621,503127,631468,715092,812614,943919,1120403,1441182,1524620,1578653,1623882,1697781,1762978,1853396,1955333,2054224,2041693,2109392,VALUE ADDED BANK
Rajasthan,30792,37165,38578,93599,98046,105077,134046,163236,167428,174124,242586,258896,285240,334046,335071,424978,501856,634851,732480,862347,955286,1119540,1342503,1449360,1625451,1782306,1822260,1864994,2459117,2669197,2827819,2785401,2896818,VALUE ADDED BANK
Sikkim,484,507,485,539,599,737,908,1003,1066,1324,1870,2261,2586,2953,3376,4406,5540,7149,8671,9118,11322,13883,16260,17037,17921,19224,36537,23738,23512,25181,31512,35025,41072,VALUE ADDED BANK
Tamil Nadu,71703,86047,93780,300833,334007,363510,508607,608332,585451,641706,934506,904802,958539,1115026,1167779,1558292,1834640,2187685,2564910,2828211,2914030,3343013,3956126,4331047,4840028,5330790,5463078,5596716,6251278,6482646,6681412,7005078,7477000,VALUE ADDED BANK
Telangana,NA,NA,NA,NA,NA,NA,NA,NA,NA,NA,NA,NA,NA,NA,NA,399320,462802,576201,723076,901076,986655,1171638,2092928,2291698,2522425,2820426,3028584,3307997,3435938,3442332,3493459,3620748,4037134,VALUE ADDED BANK
Tripura,1511,1486,1469,3648,3967,4544,4996,5667,6158,6158,9722,10884,11383,13942,13330,15753,20729,24782,27979,30187,37489,45610,56201,64289,67995,80769,114469,92102,114823,92125,107381,111203,111333,VALUE ADDED BANK
Uttar Pradesh,112410,104939,97514,199362,217180,224453,319743,399398,350834,368376,560621,598351,642632,739248,731822,938977,1081096,1326719,1487575,1725283,2031710,2349867,2478434,2731371,2979637,3308676,3583432,3531227,4016236,4096746,4286953,4397838,4655203,VALUE ADDED BANK
Uttarakhand,NA,NA,NA,24356,26533,27422,39063,48794,42839,44981,43558,46489,49929,57436,56859,92020,111642,135377,160593,188327,215684,263173,288686,310724,340602,378073,407217,412502,447682,460851,479203,570209,591763,VALUE ADDED BANK
West Bengal,98505,105710,115245,280516,355823,466589,526560,542289,754812,792552,922853,906565,937450,954401,958884,1277501,1462326,1758555,2051368,2153637,2330259,2578590,3144514,3423528,3242476,3462129,3688429,3836316,3992632,3991783,4137341,3341708,NA,VALUE ADDED BANK
Andaman and Nicobar Islands,2350,1776,1782,17742,19172,19284,21202,24891,25922,28911,47640,47633,49520,52588,55857,92010,98319,100385,108049,154305,189089,208189,231097,241272,251774,276135,288934,338021,365109,382776,392595,NA,NA,VALUE ADDED SERVICE
Andhra Pradesh,585409,630342,621661,2232027,2392129,2540774,2733517,2865761,3117912,3404893,5635910,6087892,6560403,6984928,7539377,6079358,6642281,7454576,8192765,8615775,9379082,10564596,12736119,13891379,14805713,16203607,18263190,18413851,19753570,20599173,22229768,22532786,24691911,VALUE ADDED SERVICE
Arunachal Pradesh,7454,8588,8794,24607,24390,26859,28563,36099,36937,39692,68923,74074,77385,81310,85822,104726,112272,121691,131050,148284,199327,183566,376186,379840,416585,432250,464178,516955,566165,562640,644861,646471,NA,VALUE ADDED SERVICE
Assam,151966,163397,167539,520135,534401,562120,594454,560914,585742,648612,1475105,1573401,1628618,1730074,1848700,2259465,2441915,2645712,2839913,3026874,3326220,3590033,5700473,5819477,6155961,6614944,6812712,6759161,7579374,7391621,7934466,7065075,NA,VALUE ADDED SERVICE
Bihar,310755,309202,321636,829402,903511,834254,990636,1058615,1092255,1209186,2474049,2693195,2840599,2985804,3025999,3883482,3902208,4391085,4788532,5381630,6039454,6640782,12415073,13333941,13699956,14005341,15129685,15812967,17603313,20119687,20956856,19189180,21760934,VALUE ADDED SERVICE
Chandigarh,NA,NA,NA,97150,105453,119426,136208,143980,153724,167927,303325,347915,382165,421258,464286,623446,695862,769725,834731,967166,995571,1004070,1459440,1596580,1712991,1800407,1912173,2088977,2153895,2239908,2348469,2034927,NA,VALUE ADDED SERVICE
Chhattisgarh,NA,NA,NA,372286,383572,414170,438736,466492,476090,521939,1014017,1027526,1104511,1131919,1215883,1521110,1614275,1805233,1985402,2220207,2425566,2807124,4653885,4852575,5241260,5436910,5753939,6037576,6048066,6524672,7049502,7120742,NA,VALUE ADDED SERVICE
Delhi,341720,401035,420892,1345343,1516980,1662540,1948649,2247947,2354894,2537938,4153278,4266134,4514001,4785482,5117647,7724546,8609081,9802344,11078830,12623831,13836069,15176248,23008302,24175556,25535827,28756150,30957742,32971828,34562405,36250140,38048071,35386076,37718532,VALUE ADDED SERVICE
Goa,27704,26677,28410,93451,107500,120968,143724,143080,173507,167749,288145,261057,270517,286560,302034,517611,553995,614421,662857,760822,844446,1073009,1069204,1084472,1106697,1210776,1336102,1409120,1443588,1496633,1537465,1437507,NA,VALUE ADDED SERVICE
Gujarat,409387,416766,464668,1695202,1848838,2033672,2159178,2444252,2628442,2915900,4140000,4158200,4519600,4901200,5304200,8047000,9055700,10079800,11319700,12230500,13543700,15459819,18124377,20429173,21423723,23255014,24998108,26855783,29580633,33525149,35663289,34681005,NA,VALUE ADDED SERVICE
Haryana,NA,NA,NA,617452,649534,697505,822624,893924,952302,1072507,1898210,2173115,2436773,2684864,2954639,3904929,4513306,5034681,5735067,6411228,7520221,8215903,11144751,12296567,13460143,14808728,16397214,17757958,18693338,20081373,21074510,19609752,21585637,VALUE ADDED SERVICE
Himachal Pradesh,41767,43083,45683,164550,169389,178638,190657,214796,241026,291904,491281,499326,513924,536407,562571,777375,859124,949047,1013724,1103892,1237164,1351882,2307541,2499391,2615530,2880459,3086925,3255619,3404690,3502183,3653837,3694907,3902542,VALUE ADDED SERVICE
Jammu and Kashmir,60782,63722,68664,246877,249058,273615,292923,323131,340412,364233,625543,656744,648518,710470,736702,986288,1060713,1144147,1265272,1408396,1527454,1670613,3353049,3521896,3654922,3734752,4118168,4186373,4281799,4725939,4613922,4371732,5110269,VALUE ADDED SERVICE
Jharkhand,NA,NA,NA,392439,401839,413908,403063,479676,548071,496814,1129539,1202721,1255793,1226570,1301666,1789171,1940662,2116111,2383619,2582650,3149494,3577800,4762065,5078126,5333434,5901224,6295219,6634352,7243770,7930948,8483560,7590624,8191305,VALUE ADDED SERVICE
Karnataka,377169,410828,422694,1401726,1532693,1686550,1899022,2087502,2315069,2546281,4201442,4465731,4779359,5122093,5565608,7900416,8868684,9813636,11189829,12315173,12489391,13575972,28890822,31982298,35406759,37821154,42624200,47145464,49156337,53660573,58999150,58099894,63561983,VALUE ADDED SERVICE
Kerala,210971,213187,237165,1131766,1203232,1291606,1376377,1468074,1592305,1790142,3551861,3695435,3942350,4265404,4596998,6415349,7183128,8083010,8986199,9702264,10880674,11568172,17390244,19042424,20439675,21507602,23021095,24479104,26083395,28037154,29602827,26878051,28584826,VALUE ADDED SERVICE
Madhya Pradesh,340105,357080,358662,1211533,1228764,1336577,1468074,1565043,1696183,1804057,3414779,3497066,3567425,3655391,3761288,4609330,4803542,5246919,5636195,6211627,6963469,7599543,10496152,11502940,11942912,12595041,13627029,14565098,15481126,16894768,17687628,16398488,17946309,VALUE ADDED SERVICE
Maharashtra,1154340,1266201,1415304,4846243,5026893,5604378,5643791,6169059,6696059,7613228,12045540,12203711,12902043,13854532,14679982,22575501,25616460,28810160,31840110,34257356,38318643,41671411,49597229,53667808,57457612,62593309,67373230,73248349,77192217,81429500,86479796,79049430,NA,VALUE ADDED SERVICE
Manipur,16373,17892,19416,52963,52649,54594,60200,66204,65039,77084,149230,135043,144589,139154,141431,175158,191131,196732,208206,228580,234399,284209,732298,741172,782415,841498,904354,935231,973643,993060,1107262,1171057,NA,VALUE ADDED SERVICE
Meghalaya,16480,17614,17710,73434,76198,83352,84242,90868,99263,106991,176466,183253,194673,202108,213778,296957,322901,346720,362932,413026,448500,506462,745123,788986,832210,871415,955301,1028875,1104337,1227638,1310271,1176446,1285949,VALUE ADDED SERVICE
Mizoram,NA,NA,NA,NA,NA,NA,NA,NA,NA,NA,86837,93673,99689,109874,113625,144588,149771,161391,175874,199619,230755,284520,385729,435825,455500,480512,538159,587481,634596,677886,825995,750018,NA,VALUE ADDED SERVICE
Nagaland,9739,10128,10623,77433,81453,85085,88141,90523,90402,90720,150477,166255,181405,193242,201201,280690,319825,352500,394157,405917,436230,511674,579119,620205,688216,716396,723546,761140,807890,942066,935302,908556,NA,VALUE ADDED SERVICE
Odisha,163291,186278,191418,571608,615880,663366,684491,763184,779732,876590,1761889,1820472,1923858,2044166,2248994,3012719,3307083,3720649,4041234,4559293,4978904,5497106,7618428,8175433,8674317,9371877,10280452,10605974,11506897,11695631,12499098,11001960,12066657,VALUE ADDED SERVICE
Puducherry,7406,7943,8206,43471,44212,52193,55455,61766,74962,84049,142821,152733,154394,170661,173062,233057,273381,319033,356255,381932,465448,543371,612217,657258,659460,701973,709818,766237,807587,808675,860782,796587,860554,VALUE ADDED SERVICE
Punjab,218586,221088,231371,864740,887017,946216,1053102,1137652,1194329,1296567,2432929,2557156,2669296,2790741,2962698,3651317,3866620,4197240,4501875,4925511,5355167,5870616,9822918,10654158,11298297,12225937,13059152,13894617,14779186,15787886,16684131,15692503,17045420,VALUE ADDED SERVICE
Rajasthan,278678,275982,302521,1145393,1249916,1350699,1505490,1697454,1842936,1904585,3207319,3243682,3430377,3339461,3785926,5010413,5457405,5989712,6523856,7341731,7921376,8929495,14573542,15829410,16979552,18391587,19127580,20016124,22123979,24315797,24997679,23638800,26465637,VALUE ADDED SERVICE
Sikkim,5182,5862,NA,15659,16044,17399,18819,21470,28266,28195,44550,44925,47200,50176,53647,79608,87665,93721,100734,110134,138032,132975,261541,292049,310465,325216,347101,348632,363129,402092,485319,493186,539655,VALUE ADDED SERVICE
Tamil Nadu,540169,577145,608137,2148367,2385721,2589268,2863124,3258366,3448898,3718552,6563683,6913148,7138986,7426776,7975692,11554853,13226643,15503071,16949089,18719161,19979665,22570547,31466701,33587956,36233938,39200259,40754573,43128416,45572834,48070140,49832804,49267469,52551948,VALUE ADDED SERVICE
Telangana,NA,NA,NA,NA,NA,NA,NA,NA,NA,NA,NA,NA,NA,NA,NA,4456919,5097782,5779907,6419711,7362540,7686807,9137082,16079475,17390421,18740316,21086218,23455209,25934741,27674934,29755245,31355923,28428828,32196322,VALUE ADDED SERVICE
Tripura,22641,24660,26887,87107,87249,93824,105629,119777,128749,138919,249043,255598,279789,306290,314247,418568,440680,473988,494827,558830,628618,683479,869582,927289,1004917,1066425,973585,1101734,1341939,1448390,1583359,1489553,1616445,VALUE ADDED SERVICE
Uttar Pradesh,841016,834720,881492,2771507,2874984,2990982,3292770,3435332,3527179,3729865,6831161,7065933,7326608,7625959,8071075,10934619,11665873,12690412,13788889,15432258,16821930,18534426,27165414,28828503,30683107,33275880,35716307,37309786,40481960,42387602,45068406,40983986,42792536,VALUE ADDED SERVICE
Uttarakhand,NA,NA,NA,182940,187042,197899,216307,234428,239172,249184,562714,614701,662580,707498,764734,1124968,1296356,1463413,1765873,2088278,2495631,2721362,3270063,3492371,3786503,4214852,4653928,5059602,5546983,5746960,6024815,5583897,6208428,VALUE ADDED SERVICE
West Bengal,598348,631390,661092,2071166,2219269,2431068,2653160,2906571,3301956,3599792,6588468,6939854,7418607,7808401,8311409,10583013,11569723,12730509,13849540,15226878,16386292,17765400,22526511,23758138,24616747,26149569,27641207,28846700,31008440,32471068,34860637,35159462,NA,VALUE ADDED SERVICE
